{
version": "2.0.0",
  "scrollSpeed": {
    "hard": 2.1,
"default": 2.1
  },
  "events": [],
  "notes": {
    "hard": [
      {
        "t": 6000,
        "d": 2
      },
      {
        "t": 6300,
        "d": 2
      },
      {
        "t": 6600,
        "d": 2
      },
      {
        "t": 6900,
        "d": 2
      },
      {
        "t": 7200,
        "d": 2
      },
      {
        "t": 7500,
        "d": 2
      },
      {
        "t": 7800,
        "d": 2
      },
      {
        "t": 8100,
        "d": 2
      },
      {
        "t": 8400,
        "d": 2
      },
      {
        "t": 8700,
        "d": 2
      },
      {
        "t": 9000,
        "d": 2
      },
      {
        "t": 9300,
        "d": 2
      },
      {
        "t": 9600,
        "d": 2
      },
      {
        "t": 9900,
        "d": 2
      },
      {
        "t": 10200,
        "d": 2
      },
      {
        "t": 10500,
        "d": 2
      },
      {
        "t": 10800,
        "d": 2
      },
      {
        "t": 11100,
        "d": 2
      },
      {
        "t": 11400,
        "d": 2
      },
      {
        "t": 11700,
        "d": 2
      },
      {
        "t": 12000,
        "d": 2,
        "l": 150
      },
      {
        "t": 12300,
        "d": 1,
        "l": 150
      },
      {
        "t": 12600,
        "d": 2,
        "l": 150
      },
      {
        "t": 12900,
        "d": 3,
        "l": 150
      },
      {
        "t": 13200,
        "d": 2,
        "l": 150
      },
      {
        "t": 13800,
        "d": 1,
        "l": 150
      },
      {
        "t": 14400,
        "d": 0,
        "l": 1050
      },
      {
        "t": 16850,
        "d": 2,
        "l": 125
      },
      {
        "t": 17100,
        "d": 1,
        "l": 125
      },
      {
        "t": 15600,
        "d": 3
      },
      {
        "t": 15850,
        "d": 3
      },
      {
        "t": 16100,
        "d": 3
      },
      {
        "t": 16350,
        "d": 3
      },
      {
        "t": 16600,
        "d": 3,
        "l": 125
      },
      {
        "t": 17350,
        "d": 3,
        "l": 125
      },
      {
        "t": 18850,
        "d": 2,
        "l": 125
      },
      {
        "t": 19100,
        "d": 1,
        "l": 125
      },
      {
        "t": 17600,
        "d": 0
      },
      {
        "t": 17850,
        "d": 0
      },
      {
        "t": 18100,
        "d": 0
      },
      {
        "t": 18350,
        "d": 0
      },
      {
        "t": 18600,
        "d": 0,
        "l": 125
      },
      {
        "t": 19350,
        "d": 0,
        "l": 125
      },
      {
        "t": 19600,
        "d": 1
      },
      {
        "t": 19850,
        "d": 1
      },
      {
        "t": 20100,
        "d": 1
      },
      {
        "t": 20350,
        "d": 1
      },
      {
        "t": 20600,
        "d": 2,
        "l": 375
      },
      {
        "t": 21100,
        "d": 3,
        "l": 375
      },
      {
        "t": 21600,
        "d": 0,
        "l": 875
      },
      {
        "t": 23600,
        "d": 2
      },
      {
        "t": 23800,
        "d": 2
      },
      {
        "t": 24000,
        "d": 2
      },
      {
        "t": 24200,
        "d": 2
      },
      {
        "t": 24400,
        "d": 2
      },
      {
        "t": 24600,
        "d": 2
      },
      {
        "t": 24800,
        "d": 2
      },
      {
        "t": 25000,
        "d": 2
      },
      {
        "t": 25200,
        "d": 2
      },
      {
        "t": 25400,
        "d": 2
      },
      {
        "t": 25600,
        "d": 2
      },
      {
        "t": 25800,
        "d": 2
      },
      {
        "t": 26000,
        "d": 2
      },
      {
        "t": 26200,
        "d": 2
      },
      {
        "t": 26400,
        "d": 2
      },
      {
        "t": 26600,
        "d": 2
      },
      {
        "t": 26800,
        "d": 2,
        "l": 90.9091
      },
      {
        "t": 26981.8182,
        "d": 1,
        "l": 90.9091
      },
      {
        "t": 27163.6364,
        "d": 2,
        "l": 90.9091
      },
      {
        "t": 27890.9091,
        "d": 1,
        "l": 90.9091
      },
      {
        "t": 27345.4545,
        "d": 3,
        "l": 90.9091
      },
      {
        "t": 27527.2727,
        "d": 2,
        "l": 90.9091
      },
      {
        "t": 28072.7273,
        "d": 0,
        "l": 90.9091
      },
      {
        "t": 28254.5455,
        "d": 2,
        "l": 90.9091
      },
      {
        "t": 28618.1818,
        "d": 1,
        "l": 90.9091
      },
      {
        "t": 28981.8182,
        "d": 3,
        "l": 636.3636
      },
      {
        "t": 29709.0909,
        "d": 2
      },
      {
        "t": 30042.4242,
        "d": 1
      },
      {
        "t": 30209.0909,
        "d": 2
      },
      {
        "t": 30709.0909,
        "d": 1
      },
      {
        "t": 29875.7576,
        "d": 3
      },
      {
        "t": 30375.7576,
        "d": 3
      },
      {
        "t": 30542.4242,
        "d": 0
      },
      {
        "t": 30875.7576,
        "d": 3
      },
      {
        "t": 31209.0909,
        "d": 1
      },
      {
        "t": 31375.7576,
        "d": 2
      },
      {
        "t": 31709.0909,
        "d": 1
      },
      {
        "t": 31042.4242,
        "d": 0
      },
      {
        "t": 31542.4242,
        "d": 0
      },
      {
        "t": 31875.7576,
        "d": 3
      },
      {
        "t": 32042.4242,
        "d": 0
      },
      {
        "t": 32209.0909,
        "d": 3
      },
      {
        "t": 32375.7576,
        "d": 1
      },
      {
        "t": 32533.6523,
        "d": 2
      },
      {
        "t": 32691.547,
        "d": 1
      },
      {
        "t": 33165.2313,
        "d": 1
      },
      {
        "t": 33481.0207,
        "d": 2
      },
      {
        "t": 32849.4418,
        "d": 0
      },
      {
        "t": 33007.3365,
        "d": 3
      },
      {
        "t": 33323.126,
        "d": 0
      },
      {
        "t": 33638.9155,
        "d": 1,
        "l": 552.6316
      },
      {
        "t": 34902.0734,
        "d": 2
      },
      {
        "t": 35041.6082,
        "d": 2
      },
      {
        "t": 35181.1431,
        "d": 2
      },
      {
        "t": 35320.678,
        "d": 2
      },
      {
        "t": 35460.2129,
        "d": 2
      },
      {
        "t": 35599.7478,
        "d": 2
      },
      {
        "t": 35739.2827,
        "d": 2
      },
      {
        "t": 35878.8176,
        "d": 2
      },
      {
        "t": 36018.3524,
        "d": 2
      },
      {
        "t": 36157.8873,
        "d": 2
      },
      {
        "t": 36297.4222,
        "d": 2
      },
      {
        "t": 36436.9571,
        "d": 2
      },
      {
        "t": 36576.492,
        "d": 2
      },
      {
        "t": 36716.0269,
        "d": 2
      },
      {
        "t": 36855.5617,
        "d": 2
      },
      {
        "t": 36995.0966,
        "d": 2
      },
      {
        "t": 37134.6315,
        "d": 2
      },
      {
        "t": 37274.1664,
        "d": 2
      },
      {
        "t": 37413.7013,
        "d": 2
      },
      {
        "t": 37553.2362,
        "d": 2
      },
      {
        "t": 37692.771,
        "d": 2,
        "l": 69.7674
      },
      {
        "t": 37832.3059,
        "d": 1,
        "l": 69.7674
      },
      {
        "t": 37971.8408,
        "d": 2,
        "l": 69.7674
      },
      {
        "t": 38111.3757,
        "d": 3,
        "l": 69.7674
      },
      {
        "t": 38250.9106,
        "d": 2,
        "l": 69.7674
      },
      {
        "t": 38529.9803,
        "d": 1,
        "l": 69.7674
      },
      {
        "t": 38809.0501,
        "d": 0,
        "l": 488.3721
      },
      {
        "t": 40149.7983,
        "d": 1,
        "l": 65.2174
      },
      {
        "t": 39367.1896,
        "d": 3
      },
      {
        "t": 39497.6244,
        "d": 3
      },
      {
        "t": 39628.0592,
        "d": 3
      },
      {
        "t": 39758.494,
        "d": 3
      },
      {
        "t": 39888.9288,
        "d": 3,
        "l": 65.2174
      },
      {
        "t": 40019.3636,
        "d": 0,
        "l": 65.2174
      },
      {
        "t": 40280.2331,
        "d": 3,
        "l": 65.2174
      },
      {
        "t": 41062.8418,
        "d": 2,
        "l": 65.2174
      },
      {
        "t": 41193.2766,
        "d": 1,
        "l": 65.2174
      },
      {
        "t": 40410.6679,
        "d": 0
      },
      {
        "t": 40541.1027,
        "d": 0
      },
      {
        "t": 40671.5375,
        "d": 0
      },
      {
        "t": 40801.9723,
        "d": 0
      },
      {
        "t": 40932.407,
        "d": 0,
        "l": 65.2174
      },
      {
        "t": 41323.7114,
        "d": 0,
        "l": 65.2174
      },
      {
        "t": 41975.8853,
        "d": 1,
        "l": 195.6522
      },
      {
        "t": 42236.7549,
        "d": 2,
        "l": 195.6522
      },
      {
        "t": 41454.1462,
        "d": 3
      },
      {
        "t": 41584.5809,
        "d": 3
      },
      {
        "t": 41715.0157,
        "d": 3
      },
      {
        "t": 41845.4505,
        "d": 3
      },
      {
        "t": 42497.6244,
        "d": 0,
        "l": 456.5217
      },
      {
        "t": 43541.1027,
        "d": 2
      },
      {
        "t": 43661.1027,
        "d": 2
      },
      {
        "t": 43781.1027,
        "d": 2
      },
      {
        "t": 43901.1027,
        "d": 2
      },
      {
        "t": 44021.1027,
        "d": 2
      },
      {
        "t": 44261.1027,
        "d": 2
      },
      {
        "t": 44141.1027,
        "d": 2
      },
      {
        "t": 44381.1027,
        "d": 2
      },
      {
        "t": 44501.1027,
        "d": 2
      },
      {
        "t": 44621.1027,
        "d": 2
      },
      {
        "t": 44741.1027,
        "d": 2
      },
      {
        "t": 44861.1027,
        "d": 2
      },
      {
        "t": 44981.1027,
        "d": 2
      },
      {
        "t": 45221.1027,
        "d": 2
      },
      {
        "t": 45101.1027,
        "d": 2
      },
      {
        "t": 45341.1027,
        "d": 2
      },
      {
        "t": 45461.1027,
        "d": 2,
        "l": 60
      },
      {
        "t": 45581.1027,
        "d": 1,
        "l": 60
      },
      {
        "t": 45701.1027,
        "d": 2,
        "l": 60
      },
      {
        "t": 45941.1027,
        "d": 2,
        "l": 60
      },
      {
        "t": 46181.1027,
        "d": 1
      },
      {
        "t": 45821.1027,
        "d": 3,
        "l": 60
      },
      {
        "t": 46301.1027,
        "d": 0
      },
      {
        "t": 46421.1027,
        "d": 2,
        "l": 60
      },
      {
        "t": 46661.1027,
        "d": 1,
        "l": 60
      },
      {
        "t": 46901.1027,
        "d": 3,
        "l": 420
      },
      {
        "t": 47381.1027,
        "d": 2
      },
      {
        "t": 47595.3884,
        "d": 1
      },
      {
        "t": 47702.5313,
        "d": 2
      },
      {
        "t": 48023.9598,
        "d": 1
      },
      {
        "t": 47488.2455,
        "d": 3
      },
      {
        "t": 47809.6741,
        "d": 3
      },
      {
        "t": 47916.817,
        "d": 0
      },
      {
        "t": 48131.1027,
        "d": 3
      },
      {
        "t": 48345.3884,
        "d": 1
      },
      {
        "t": 48559.6741,
        "d": 2
      },
      {
        "t": 48666.817,
        "d": 1
      },
      {
        "t": 48988.2455,
        "d": 1
      },
      {
        "t": 48238.2455,
        "d": 0
      },
      {
        "t": 48452.5313,
        "d": 3
      },
      {
        "t": 48773.9598,
        "d": 0
      },
      {
        "t": 48881.1027,
        "d": 3
      },
      {
        "t": 49416.817,
        "d": 1
      },
      {
        "t": 49523.9598,
        "d": 2
      },
      {
        "t": 49631.1027,
        "d": 1
      },
      {
        "t": 49738.2455,
        "d": 3
      },
      {
        "t": 49845.3884,
        "d": 2
      },
      {
        "t": 49309.6741,
        "d": 3
      },
      {
        "t": 49202.5313,
        "d": 0
      },
      {
        "t": 49095.3884,
        "d": 3
      },
      {
        "t": 49952.5313,
        "d": 1,
        "l": 375
      },
      {
        "t": 50809.6741,
        "d": 3,
        "l": 250
      },
      {
        "t": 51109.6741,
        "d": 1
      },
      {
        "t": 51209.6741,
        "d": 3
      },
      {
        "t": 51409.6741,
        "d": 0
      },
      {
        "t": 51609.6741,
        "d": 2
      },
      {
        "t": 51809.6741,
        "d": 1
      },
      {
        "t": 52009.6741,
        "d": 2
      },
      {
        "t": 52209.6741,
        "d": 3
      },
      {
        "t": 52409.6741,
        "d": 0,
        "l": 250
      },
      {
        "t": 52809.6741,
        "d": 2
      },
      {
        "t": 52709.6741,
        "d": 3
      },
      {
        "t": 53009.6741,
        "d": 3
      },
      {
        "t": 53209.6741,
        "d": 1,
        "l": 500
      },
      {
        "t": 53809.6741,
        "d": 3
      },
      {
        "t": 54009.6741,
        "d": 2,
        "l": 250
      },
      {
        "t": 54309.6741,
        "d": 0
      },
      {
        "t": 54409.6741,
        "d": 2
      },
      {
        "t": 54609.6741,
        "d": 1
      },
      {
        "t": 54809.6741,
        "d": 3
      },
      {
        "t": 55009.6741,
        "d": 0
      },
      {
        "t": 55209.6741,
        "d": 2
      },
      {
        "t": 55409.6741,
        "d": 3
      },
      {
        "t": 55609.6741,
        "d": 2
      },
      {
        "t": 55809.6741,
        "d": 1
      },
      {
        "t": 56009.6741,
        "d": 2
      },
      {
        "t": 56209.6741,
        "d": 0
      },
      {
        "t": 56409.6741,
        "d": 3
      },
      {
        "t": 56409.6741,
        "d": 1
      },
      {
        "t": 56659.6741,
        "d": 0
      },
      {
        "t": 56809.6741,
        "d": 2
      },
      {
        "t": 56809.6741,
        "d": 1
      },
      {
        "t": 57009.6741,
        "d": 3
      },
      {
        "t": 57209.6741,
        "d": 3,
        "l": 250
      },
      {
        "t": 57509.6741,
        "d": 1
      },
      {
        "t": 57609.6741,
        "d": 3
      },
      {
        "t": 57809.6741,
        "d": 0
      },
      {
        "t": 58009.6741,
        "d": 2
      },
      {
        "t": 58209.6741,
        "d": 1
      },
      {
        "t": 58409.6741,
        "d": 2
      },
      {
        "t": 58609.6741,
        "d": 3
      },
      {
        "t": 58809.6741,
        "d": 0,
        "l": 250
      },
      {
        "t": 59209.6741,
        "d": 2
      },
      {
        "t": 59109.6741,
        "d": 3
      },
      {
        "t": 59409.6741,
        "d": 3
      },
      {
        "t": 59609.6741,
        "d": 1,
        "l": 350
      },
      {
        "t": 60009.6741,
        "d": 2,
        "l": 350
      },
      {
        "t": 60609.6741,
        "d": 3,
        "l": 350
      },
      {
        "t": 61009.6741,
        "d": 2
      },
      {
        "t": 61209.6741,
        "d": 1
      },
      {
        "t": 61409.6741,
        "d": 2
      },
      {
        "t": 61609.6741,
        "d": 3
      },
      {
        "t": 61809.6741,
        "d": 0
      },
      {
        "t": 62009.6741,
        "d": 1,
        "l": 350
      },
      {
        "t": 62609.6741,
        "d": 0
      },
      {
        "t": 62809.6741,
        "d": 2,
        "l": 550
      },
      {
        "t": 62809.6741,
        "d": 1
      },
      {
        "t": 63609.6741,
        "d": 2
      },
      {
        "t": 63791.4923,
        "d": 2
      },
      {
        "t": 63973.3105,
        "d": 2
      },
      {
        "t": 64155.1287,
        "d": 2
      },
      {
        "t": 63700.5832,
        "d": 0
      },
      {
        "t": 63882.4014,
        "d": 0
      },
      {
        "t": 64064.2196,
        "d": 0
      },
      {
        "t": 64246.0378,
        "d": 0
      },
      {
        "t": 64336.9468,
        "d": 2
      },
      {
        "t": 64518.765,
        "d": 2
      },
      {
        "t": 64700.5832,
        "d": 2
      },
      {
        "t": 64882.4014,
        "d": 2
      },
      {
        "t": 64427.8559,
        "d": 0
      },
      {
        "t": 64609.6741,
        "d": 0
      },
      {
        "t": 64791.4923,
        "d": 0
      },
      {
        "t": 64973.3105,
        "d": 0
      },
      {
        "t": 65064.2196,
        "d": 2
      },
      {
        "t": 65246.0378,
        "d": 2
      },
      {
        "t": 65427.8559,
        "d": 2,
        "l": 45.4545
      },
      {
        "t": 65518.765,
        "d": 1,
        "l": 45.4545
      },
      {
        "t": 65609.6741,
        "d": 2,
        "l": 45.4545
      },
      {
        "t": 65700.5832,
        "d": 3,
        "l": 45.4545
      },
      {
        "t": 65155.1287,
        "d": 0
      },
      {
        "t": 65336.9468,
        "d": 0
      },
      {
        "t": 65791.4923,
        "d": 2,
        "l": 45.4545
      },
      {
        "t": 65973.3105,
        "d": 1,
        "l": 45.4545
      },
      {
        "t": 66155.1287,
        "d": 0,
        "l": 318.1818
      },
      {
        "t": 66518.765,
        "d": 3
      },
      {
        "t": 66609.6741,
        "d": 0
      },
      {
        "t": 66700.5832,
        "d": 3
      },
      {
        "t": 66791.4923,
        "d": 0
      },
      {
        "t": 66882.4014,
        "d": 3,
        "l": 45.4545
      },
      {
        "t": 66973.3105,
        "d": 2,
        "l": 45.4545
      },
      {
        "t": 67064.2196,
        "d": 1,
        "l": 45.4545
      },
      {
        "t": 67155.1287,
        "d": 3,
        "l": 45.4545
      },
      {
        "t": 67246.0378,
        "d": 0
      },
      {
        "t": 67336.9468,
        "d": 1
      },
      {
        "t": 67427.8559,
        "d": 0
      },
      {
        "t": 67518.765,
        "d": 1
      },
      {
        "t": 67609.6741,
        "d": 0
      },
      {
        "t": 67700.5832,
        "d": 2
      },
      {
        "t": 67791.4923,
        "d": 1
      },
      {
        "t": 67882.4014,
        "d": 0
      },
      {
        "t": 67973.3105,
        "d": 1
      },
      {
        "t": 68064.2196,
        "d": 0
      },
      {
        "t": 68155.1287,
        "d": 1
      },
      {
        "t": 68246.0378,
        "d": 0
      },
      {
        "t": 68336.9468,
        "d": 1,
        "l": 136.3636
      },
      {
        "t": 68518.765,
        "d": 2,
        "l": 136.3636
      },
      {
        "t": 68700.5832,
        "d": 0,
        "l": 318.1818
      },
      {
        "t": 69427.8559,
        "d": 2
      },
      {
        "t": 69518.765,
        "d": 0
      },
      {
        "t": 69609.6741,
        "d": 2
      },
      {
        "t": 69700.5832,
        "d": 0
      },
      {
        "t": 69791.4923,
        "d": 2
      },
      {
        "t": 69882.4014,
        "d": 0
      },
      {
        "t": 69973.3105,
        "d": 2
      },
      {
        "t": 70064.2196,
        "d": 0
      },
      {
        "t": 70155.1287,
        "d": 2
      },
      {
        "t": 70246.0378,
        "d": 0
      },
      {
        "t": 70336.9468,
        "d": 2
      },
      {
        "t": 70427.8559,
        "d": 0
      },
      {
        "t": 70518.765,
        "d": 2
      },
      {
        "t": 70609.6741,
        "d": 0
      },
      {
        "t": 70700.5832,
        "d": 2
      },
      {
        "t": 70791.4923,
        "d": 0
      },
      {
        "t": 70882.4014,
        "d": 2,
        "l": 45.4545
      },
      {
        "t": 70973.3105,
        "d": 1,
        "l": 45.4545
      },
      {
        "t": 71064.2196,
        "d": 2,
        "l": 45.4545
      },
      {
        "t": 71155.1287,
        "d": 3,
        "l": 45.4545
      },
      {
        "t": 71246.0378,
        "d": 2,
        "l": 45.4545
      },
      {
        "t": 71427.8559,
        "d": 1,
        "l": 45.4545
      },
      {
        "t": 71518.765,
        "d": 0,
        "l": 45.4545
      },
      {
        "t": 71609.6741,
        "d": 2,
        "l": 45.4545
      },
      {
        "t": 71791.4923,
        "d": 3,
        "l": 45.4545
      },
      {
        "t": 71973.3105,
        "d": 1,
        "l": 318.1818
      },
      {
        "t": 71973.3105,
        "d": 2
      },
      {
        "t": 72336.9468,
        "d": 2
      },
      {
        "t": 72427.8559,
        "d": 3
      },
      {
        "t": 72518.765,
        "d": 1
      },
      {
        "t": 72609.6741,
        "d": 2
      },
      {
        "t": 72700.5832,
        "d": 3
      },
      {
        "t": 72791.4923,
        "d": 0
      },
      {
        "t": 72882.4014,
        "d": 1
      },
      {
        "t": 72973.3105,
        "d": 3
      },
      {
        "t": 73064.2196,
        "d": 1
      },
      {
        "t": 73155.1287,
        "d": 3
      },
      {
        "t": 73246.0378,
        "d": 0
      },
      {
        "t": 73336.9468,
        "d": 1
      },
      {
        "t": 73427.8559,
        "d": 2
      },
      {
        "t": 73700.5832,
        "d": 0
      },
      {
        "t": 73518.765,
        "d": 1
      },
      {
        "t": 73609.6741,
        "d": 3
      },
      {
        "t": 73791.4923,
        "d": 3
      },
      {
        "t": 73882.4014,
        "d": 1
      },
      {
        "t": 73973.3105,
        "d": 2
      },
      {
        "t": 74064.2196,
        "d": 1
      },
      {
        "t": 74155.1287,
        "d": 0
      },
      {
        "t": 74246.0378,
        "d": 2
      },
      {
        "t": 74336.9468,
        "d": 3
      },
      {
        "t": 74427.8559,
        "d": 2
      },
      {
        "t": 74518.765,
        "d": 1,
        "l": 318.1818
      },
      {
        "t": 96179.5483,
        "d": 2
      },
      {
        "t": 96270.4574,
        "d": 0
      },
      {
        "t": 96361.3665,
        "d": 2
      },
      {
        "t": 96452.2755,
        "d": 0
      },
      {
        "t": 96543.1846,
        "d": 2
      },
      {
        "t": 96634.0937,
        "d": 0
      },
      {
        "t": 96725.0028,
        "d": 2
      },
      {
        "t": 96815.9119,
        "d": 0
      },
      {
        "t": 96906.821,
        "d": 2
      },
      {
        "t": 96906.821,
        "d": 3
      },
      {
        "t": 96997.7301,
        "d": 0
      },
      {
        "t": 97088.6392,
        "d": 2
      },
      {
        "t": 97088.6392,
        "d": 3
      },
      {
        "t": 97179.5483,
        "d": 0
      },
      {
        "t": 97270.4574,
        "d": 2
      },
      {
        "t": 97270.4574,
        "d": 3
      },
      {
        "t": 97361.3665,
        "d": 1
      },
      {
        "t": 97361.3665,
        "d": 0
      },
      {
        "t": 97452.2755,
        "d": 2
      },
      {
        "t": 97452.2755,
        "d": 3
      },
      {
        "t": 97543.1846,
        "d": 1
      },
      {
        "t": 97543.1846,
        "d": 0
      },
      {
        "t": 97634.0937,
        "d": 2
      },
      {
        "t": 97725.0028,
        "d": 0
      },
      {
        "t": 97997.7301,
        "d": 2,
        "l": 45.4545
      },
      {
        "t": 98088.6392,
        "d": 1,
        "l": 45.4545
      },
      {
        "t": 98179.5483,
        "d": 2,
        "l": 45.4545
      },
      {
        "t": 97815.9119,
        "d": 2
      },
      {
        "t": 97906.821,
        "d": 0
      },
      {
        "t": 98270.4574,
        "d": 3,
        "l": 45.4545
      },
      {
        "t": 98361.3665,
        "d": 2,
        "l": 45.4545
      },
      {
        "t": 98543.1846,
        "d": 1,
        "l": 45.4545
      },
      {
        "t": 98725.0028,
        "d": 0,
        "l": 318.1818
      },
      {
        "t": 99088.6392,
        "d": 3
      },
      {
        "t": 99179.5483,
        "d": 0
      },
      {
        "t": 99270.4574,
        "d": 3
      },
      {
        "t": 99361.3665,
        "d": 0
      },
      {
        "t": 99452.2755,
        "d": 3
      },
      {
        "t": 99543.1846,
        "d": 2
      },
      {
        "t": 99634.0937,
        "d": 1
      },
      {
        "t": 99725.0028,
        "d": 3
      },
      {
        "t": 99815.9119,
        "d": 0
      },
      {
        "t": 99906.821,
        "d": 1
      },
      {
        "t": 99997.7301,
        "d": 0
      },
      {
        "t": 100088.6392,
        "d": 1
      },
      {
        "t": 100179.5483,
        "d": 0
      },
      {
        "t": 100270.4574,
        "d": 2
      },
      {
        "t": 100361.3665,
        "d": 1
      },
      {
        "t": 100452.2755,
        "d": 0
      },
      {
        "t": 100543.1846,
        "d": 1
      },
      {
        "t": 100634.0937,
        "d": 0
      },
      {
        "t": 100725.0028,
        "d": 1
      },
      {
        "t": 100815.9119,
        "d": 0
      },
      {
        "t": 100906.821,
        "d": 1,
        "l": 136.3636
      },
      {
        "t": 101088.6392,
        "d": 2,
        "l": 136.3636
      },
      {
        "t": 101270.4574,
        "d": 0,
        "l": 318.1818
      },
      {
        "t": 101997.7301,
        "d": 2
      },
      {
        "t": 102088.6392,
        "d": 0
      },
      {
        "t": 102179.5483,
        "d": 2
      },
      {
        "t": 102270.4574,
        "d": 0
      },
      {
        "t": 102361.3665,
        "d": 2
      },
      {
        "t": 102452.2755,
        "d": 0
      },
      {
        "t": 102543.1846,
        "d": 2
      },
      {
        "t": 102634.0937,
        "d": 0
      },
      {
        "t": 102725.0028,
        "d": 2
      },
      {
        "t": 102725.0028,
        "d": 3
      },
      {
        "t": 102815.9119,
        "d": 0
      },
      {
        "t": 102906.821,
        "d": 2
      },
      {
        "t": 102906.821,
        "d": 3
      },
      {
        "t": 102997.7301,
        "d": 0
      },
      {
        "t": 103088.6392,
        "d": 2
      },
      {
        "t": 103088.6392,
        "d": 3
      },
      {
        "t": 103179.5483,
        "d": 1
      },
      {
        "t": 103179.5483,
        "d": 0
      },
      {
        "t": 103270.4574,
        "d": 2
      },
      {
        "t": 103270.4574,
        "d": 3
      },
      {
        "t": 103361.3665,
        "d": 1
      },
      {
        "t": 103361.3665,
        "d": 0
      },
      {
        "t": 103543.1846,
        "d": 1
      },
      {
        "t": 103452.2755,
        "d": 2
      },
      {
        "t": 103634.0937,
        "d": 2
      },
      {
        "t": 103725.0028,
        "d": 3
      },
      {
        "t": 103815.9119,
        "d": 2
      },
      {
        "t": 103997.7301,
        "d": 0
      },
      {
        "t": 104088.6392,
        "d": 2
      },
      {
        "t": 104179.5483,
        "d": 3
      },
      {
        "t": 104361.3665,
        "d": 1
      },
      {
        "t": 104543.1846,
        "d": 0,
        "l": 318.1818
      },
      {
        "t": 104543.1846,
        "d": 3
      },
      {
        "t": 104906.821,
        "d": 3
      },
      {
        "t": 104906.821,
        "d": 2
      },
      {
        "t": 105179.5483,
        "d": 1
      },
      {
        "t": 105179.5483,
        "d": 2
      },
      {
        "t": 105088.6392,
        "d": 0
      },
      {
        "t": 104997.7301,
        "d": 1
      },
      {
        "t": 105270.4574,
        "d": 3
      },
      {
        "t": 105270.4574,
        "d": 0
      },
      {
        "t": 105361.3665,
        "d": 2
      },
      {
        "t": 105452.2755,
        "d": 1
      },
      {
        "t": 105543.1846,
        "d": 0
      },
      {
        "t": 105543.1846,
        "d": 1
      },
      {
        "t": 105634.0937,
        "d": 2
      },
      {
        "t": 105634.0937,
        "d": 3
      },
      {
        "t": 105725.0028,
        "d": 1
      },
      {
        "t": 105815.9119,
        "d": 0
      },
      {
        "t": 105906.821,
        "d": 1
      },
      {
        "t": 105906.821,
        "d": 2
      },
      {
        "t": 105997.7301,
        "d": 0
      },
      {
        "t": 105997.7301,
        "d": 3
      },
      {
        "t": 106088.6392,
        "d": 2
      },
      {
        "t": 106179.5483,
        "d": 1
      },
      {
        "t": 106270.4574,
        "d": 0
      },
      {
        "t": 106270.4574,
        "d": 2
      },
      {
        "t": 106361.3665,
        "d": 3
      },
      {
        "t": 106452.2755,
        "d": 2
      },
      {
        "t": 106543.1846,
        "d": 3
      },
      {
        "t": 106634.0937,
        "d": 0
      },
      {
        "t": 106725.0028,
        "d": 2
      },
      {
        "t": 106815.9119,
        "d": 0
      },
      {
        "t": 106906.821,
        "d": 1
      },
      {
        "t": 106997.7301,
        "d": 2
      },
      {
        "t": 107088.6392,
        "d": 1,
        "l": 318.1818
      },
      {
        "t": 107088.6392,
        "d": 2,
        "l": 318.1818
      },
      {
        "t": 107815.9119,
        "d": 3,
        "l": 227.2727
      },
      {
        "t": 108088.6392,
        "d": 1
      },
      {
        "t": 108179.5483,
        "d": 3
      },
      {
        "t": 108361.3665,
        "d": 1
      },
      {
        "t": 108543.1846,
        "d": 2
      },
      {
        "t": 108725.0028,
        "d": 0
      },
      {
        "t": 108906.821,
        "d": 2
      },
      {
        "t": 109088.6392,
        "d": 3
      },
      {
        "t": 109270.4574,
        "d": 1,
        "l": 227.2727
      },
      {
        "t": 109634.0937,
        "d": 0
      },
      {
        "t": 109543.1846,
        "d": 3
      },
      {
        "t": 109815.9119,
        "d": 3
      },
      {
        "t": 109997.7301,
        "d": 2,
        "l": 500
      },
      {
        "t": 110543.1846,
        "d": 0
      },
      {
        "t": 110725.0028,
        "d": 3,
        "l": 227.2727
      },
      {
        "t": 110997.7301,
        "d": 2
      },
      {
        "t": 111088.6392,
        "d": 0
      },
      {
        "t": 111270.4574,
        "d": 2
      },
      {
        "t": 111452.2755,
        "d": 3
      },
      {
        "t": 111997.7301,
        "d": 3
      },
      {
        "t": 111634.0937,
        "d": 1
      },
      {
        "t": 111815.9119,
        "d": 2
      },
      {
        "t": 112179.5483,
        "d": 0
      },
      {
        "t": 112179.5483,
        "d": 2
      },
      {
        "t": 112361.3665,
        "d": 1
      },
      {
        "t": 112361.3665,
        "d": 3
      },
      {
        "t": 112543.1846,
        "d": 0
      },
      {
        "t": 112543.1846,
        "d": 2
      },
      {
        "t": 112725.0028,
        "d": 1
      },
      {
        "t": 112725.0028,
        "d": 2
      },
      {
        "t": 112906.821,
        "d": 0
      },
      {
        "t": 112906.821,
        "d": 2
      },
      {
        "t": 112906.821,
        "d": 3
      },
      {
        "t": 113088.6392,
        "d": 1
      },
      {
        "t": 113088.6392,
        "d": 2
      },
      {
        "t": 113270.4574,
        "d": 0
      },
      {
        "t": 113270.4574,
        "d": 1
      },
      {
        "t": 113452.2755,
        "d": 2
      },
      {
        "t": 113452.2755,
        "d": 3
      },
      {
        "t": 113634.0937,
        "d": 3,
        "l": 227.2727
      },
      {
        "t": 113906.821,
        "d": 1
      },
      {
        "t": 113997.7301,
        "d": 3
      },
      {
        "t": 114179.5483,
        "d": 1
      },
      {
        "t": 114361.3665,
        "d": 2
      },
      {
        "t": 114543.1846,
        "d": 0
      },
      {
        "t": 114725.0028,
        "d": 2
      },
      {
        "t": 114906.821,
        "d": 3
      },
      {
        "t": 115088.6392,
        "d": 1,
        "l": 227.2727
      },
      {
        "t": 115452.2755,
        "d": 0
      },
      {
        "t": 115361.3665,
        "d": 3
      },
      {
        "t": 115634.0937,
        "d": 3
      },
      {
        "t": 115815.9119,
        "d": 2,
        "l": 318.1818
      },
      {
        "t": 116179.5483,
        "d": 1,
        "l": 318.1818
      },
      {
        "t": 116725.0028,
        "d": 3,
        "l": 318.1818
      },
      {
        "t": 117088.6392,
        "d": 2
      },
      {
        "t": 117270.4574,
        "d": 1
      },
      {
        "t": 117452.2755,
        "d": 2
      },
      {
        "t": 117634.0937,
        "d": 0
      },
      {
        "t": 117815.9119,
        "d": 2
      },
      {
        "t": 117997.7301,
        "d": 1,
        "l": 318.1818
      },
      {
        "t": 118543.1846,
        "d": 0
      },
      {
        "t": 118543.1846,
        "d": 3
      },
      {
        "t": 118725.0028,
        "d": 1,
        "l": 318.1818
      },
      {
        "t": 118725.0028,
        "d": 2,
        "l": 318.1818
      },
      {
        "t": 119452.2755,
        "d": 2
      },
      {
        "t": 119543.1846,
        "d": 0
      },
      {
        "t": 119634.0937,
        "d": 2
      },
      {
        "t": 119725.0028,
        "d": 0
      },
      {
        "t": 119815.9119,
        "d": 2
      },
      {
        "t": 119906.821,
        "d": 0
      },
      {
        "t": 119997.7301,
        "d": 2
      },
      {
        "t": 120088.6392,
        "d": 0
      },
      {
        "t": 120179.5483,
        "d": 2
      },
      {
        "t": 120179.5483,
        "d": 3
      },
      {
        "t": 120270.4574,
        "d": 0
      },
      {
        "t": 120361.3665,
        "d": 2
      },
      {
        "t": 120361.3665,
        "d": 3
      },
      {
        "t": 120452.2755,
        "d": 0
      },
      {
        "t": 120543.1846,
        "d": 2
      },
      {
        "t": 120543.1846,
        "d": 3
      },
      {
        "t": 120634.0937,
        "d": 1
      },
      {
        "t": 120634.0937,
        "d": 0
      },
      {
        "t": 120725.0028,
        "d": 2
      },
      {
        "t": 120725.0028,
        "d": 3
      },
      {
        "t": 120815.9119,
        "d": 1
      },
      {
        "t": 120815.9119,
        "d": 0
      },
      {
        "t": 120906.821,
        "d": 2
      },
      {
        "t": 120997.7301,
        "d": 0
      },
      {
        "t": 121270.4574,
        "d": 2,
        "l": 45.4545
      },
      {
        "t": 121361.3665,
        "d": 1,
        "l": 45.4545
      },
      {
        "t": 121452.2755,
        "d": 2,
        "l": 45.4545
      },
      {
        "t": 121088.6392,
        "d": 2
      },
      {
        "t": 121179.5483,
        "d": 0
      },
      {
        "t": 121543.1846,
        "d": 3,
        "l": 45.4545
      },
      {
        "t": 121634.0937,
        "d": 2,
        "l": 45.4545
      },
      {
        "t": 121815.9119,
        "d": 1,
        "l": 45.4545
      },
      {
        "t": 121997.7301,
        "d": 0,
        "l": 318.1818
      },
      {
        "t": 122361.3665,
        "d": 3
      },
      {
        "t": 122452.2755,
        "d": 0
      },
      {
        "t": 122543.1846,
        "d": 3
      },
      {
        "t": 122634.0937,
        "d": 0
      },
      {
        "t": 122725.0028,
        "d": 3
      },
      {
        "t": 122815.9119,
        "d": 2
      },
      {
        "t": 122906.821,
        "d": 1
      },
      {
        "t": 122997.7301,
        "d": 3
      },
      {
        "t": 123088.6392,
        "d": 0
      },
      {
        "t": 123179.5483,
        "d": 1
      },
      {
        "t": 123270.4574,
        "d": 0
      },
      {
        "t": 123361.3665,
        "d": 1
      },
      {
        "t": 123452.2755,
        "d": 0
      },
      {
        "t": 123543.1846,
        "d": 2
      },
      {
        "t": 123634.0937,
        "d": 1
      },
      {
        "t": 123725.0028,
        "d": 0
      },
      {
        "t": 123815.9119,
        "d": 1
      },
      {
        "t": 123906.821,
        "d": 0
      },
      {
        "t": 123997.7301,
        "d": 1
      },
      {
        "t": 124088.6392,
        "d": 0
      },
      {
        "t": 124179.5483,
        "d": 1,
        "l": 136.3636
      },
      {
        "t": 124361.3665,
        "d": 2,
        "l": 136.3636
      },
      {
        "t": 124543.1846,
        "d": 0,
        "l": 318.1818
      },
      {
        "t": 125270.4574,
        "d": 2
      },
      {
        "t": 125361.3665,
        "d": 0
      },
      {
        "t": 125452.2755,
        "d": 2
      },
      {
        "t": 125543.1846,
        "d": 0
      },
      {
        "t": 125634.0937,
        "d": 2
      },
      {
        "t": 125725.0028,
        "d": 0
      },
      {
        "t": 125815.9119,
        "d": 2
      },
      {
        "t": 125906.821,
        "d": 0
      },
      {
        "t": 125997.7301,
        "d": 2
      },
      {
        "t": 125997.7301,
        "d": 3
      },
      {
        "t": 126088.6392,
        "d": 0
      },
      {
        "t": 126179.5483,
        "d": 2
      },
      {
        "t": 126179.5483,
        "d": 3
      },
      {
        "t": 126270.4574,
        "d": 0
      },
      {
        "t": 126361.3665,
        "d": 2
      },
      {
        "t": 126361.3665,
        "d": 3
      },
      {
        "t": 126452.2755,
        "d": 1
      },
      {
        "t": 126452.2755,
        "d": 0
      },
      {
        "t": 126543.1846,
        "d": 2
      },
      {
        "t": 126543.1846,
        "d": 3
      },
      {
        "t": 126634.0937,
        "d": 1
      },
      {
        "t": 126634.0937,
        "d": 0
      },
      {
        "t": 126815.9119,
        "d": 1
      },
      {
        "t": 126725.0028,
        "d": 2
      },
      {
        "t": 126906.821,
        "d": 2
      },
      {
        "t": 126997.7301,
        "d": 3
      },
      {
        "t": 127088.6392,
        "d": 2
      },
      {
        "t": 127270.4574,
        "d": 0
      },
      {
        "t": 127361.3665,
        "d": 2
      },
      {
        "t": 127452.2755,
        "d": 3
      },
      {
        "t": 127634.0937,
        "d": 1
      },
      {
        "t": 127815.9119,
        "d": 0,
        "l": 318.1818
      },
      {
        "t": 127815.9119,
        "d": 3
      },
      {
        "t": 128179.5483,
        "d": 3
      },
      {
        "t": 128179.5483,
        "d": 2
      },
      {
        "t": 128452.2755,
        "d": 1
      },
      {
        "t": 128452.2755,
        "d": 2
      },
      {
        "t": 128361.3665,
        "d": 0
      },
      {
        "t": 128270.4574,
        "d": 1
      },
      {
        "t": 128543.1846,
        "d": 3
      },
      {
        "t": 128543.1846,
        "d": 0
      },
      {
        "t": 128634.0937,
        "d": 2
      },
      {
        "t": 128725.0028,
        "d": 1
      },
      {
        "t": 128815.9119,
        "d": 0
      },
      {
        "t": 128815.9119,
        "d": 1
      },
      {
        "t": 128906.821,
        "d": 2
      },
      {
        "t": 128906.821,
        "d": 3
      },
      {
        "t": 128997.7301,
        "d": 1
      },
      {
        "t": 129088.6392,
        "d": 0
      },
      {
        "t": 129179.5483,
        "d": 1
      },
      {
        "t": 129179.5483,
        "d": 2
      },
      {
        "t": 129270.4574,
        "d": 0
      },
      {
        "t": 129270.4574,
        "d": 3
      },
      {
        "t": 129361.3665,
        "d": 2
      },
      {
        "t": 129452.2755,
        "d": 1
      },
      {
        "t": 129543.1846,
        "d": 0
      },
      {
        "t": 129543.1846,
        "d": 2
      },
      {
        "t": 129634.0937,
        "d": 3
      },
      {
        "t": 129725.0028,
        "d": 2
      },
      {
        "t": 129815.9119,
        "d": 3
      },
      {
        "t": 129906.821,
        "d": 0
      },
      {
        "t": 129997.7301,
        "d": 2
      },
      {
        "t": 130088.6392,
        "d": 0
      },
      {
        "t": 130179.5483,
        "d": 1
      },
      {
        "t": 130270.4574,
        "d": 2
      },
      {
        "t": 130361.3665,
        "d": 1,
        "l": 318.1818
      },
      {
        "t": 130361.3665,
        "d": 2,
        "l": 318.1818
      },
      {
        "t": 131088.6392,
        "d": 3
      },
      {
        "t": 131171.9725,
        "d": 0
      },
      {
        "t": 131255.3058,
        "d": 3
      },
      {
        "t": 131338.6392,
        "d": 0
      },
      {
        "t": 131421.9725,
        "d": 3
      },
      {
        "t": 131505.3058,
        "d": 0
      },
      {
        "t": 131588.6392,
        "d": 3
      },
      {
        "t": 131671.9725,
        "d": 0
      },
      {
        "t": 131755.3058,
        "d": 3
      },
      {
        "t": 131755.3058,
        "d": 2
      },
      {
        "t": 131838.6392,
        "d": 0
      },
      {
        "t": 131921.9725,
        "d": 3
      },
      {
        "t": 131921.9725,
        "d": 2
      },
      {
        "t": 132005.3058,
        "d": 0
      },
      {
        "t": 132088.6392,
        "d": 2
      },
      {
        "t": 132088.6392,
        "d": 3
      },
      {
        "t": 132171.9725,
        "d": 0
      },
      {
        "t": 132171.9725,
        "d": 1
      },
      {
        "t": 132255.3058,
        "d": 2
      },
      {
        "t": 132255.3058,
        "d": 3
      },
      {
        "t": 132338.6392,
        "d": 0
      },
      {
        "t": 132338.6392,
        "d": 1
      },
      {
        "t": 132421.9725,
        "d": 3
      },
      {
        "t": 132505.3058,
        "d": 0
      },
      {
        "t": 132588.6392,
        "d": 3
      },
      {
        "t": 132671.9725,
        "d": 0
      },
      {
        "t": 132755.3058,
        "d": 3
      },
      {
        "t": 132838.6392,
        "d": 2
      },
      {
        "t": 132921.9725,
        "d": 0
      },
      {
        "t": 133005.3058,
        "d": 2
      },
      {
        "t": 133088.6392,
        "d": 3
      },
      {
        "t": 133255.3058,
        "d": 1
      },
      {
        "t": 133421.9725,
        "d": 2,
        "l": 291.6667
      },
      {
        "t": 133755.3058,
        "d": 1
      },
      {
        "t": 133838.6392,
        "d": 2
      },
      {
        "t": 133921.9725,
        "d": 1
      },
      {
        "t": 134005.3058,
        "d": 2
      },
      {
        "t": 134088.6392,
        "d": 1
      },
      {
        "t": 134171.9725,
        "d": 0
      },
      {
        "t": 134255.3058,
        "d": 1
      },
      {
        "t": 134338.6392,
        "d": 2
      },
      {
        "t": 134421.9725,
        "d": 0
      },
      {
        "t": 134505.3058,
        "d": 2
      },
      {
        "t": 134588.6392,
        "d": 0
      },
      {
        "t": 134671.9725,
        "d": 2
      },
      {
        "t": 134755.3058,
        "d": 0
      },
      {
        "t": 134838.6392,
        "d": 1
      },
      {
        "t": 134921.9725,
        "d": 2
      },
      {
        "t": 135005.3058,
        "d": 0
      },
      {
        "t": 135088.6392,
        "d": 1
      },
      {
        "t": 135171.9725,
        "d": 3
      },
      {
        "t": 135255.3058,
        "d": 1
      },
      {
        "t": 135338.6392,
        "d": 3
      },
      {
        "t": 135421.9725,
        "d": 0,
        "l": 125
      },
      {
        "t": 135588.6392,
        "d": 1,
        "l": 125
      },
      {
        "t": 135755.3058,
        "d": 2,
        "l": 291.6667
      },
      {
        "t": 136421.9725,
        "d": 3
      },
      {
        "t": 136505.3058,
        "d": 0
      },
      {
        "t": 136588.6392,
        "d": 3
      },
      {
        "t": 136671.9725,
        "d": 0
      },
      {
        "t": 136755.3058,
        "d": 3
      },
      {
        "t": 136838.6392,
        "d": 0
      },
      {
        "t": 136921.9725,
        "d": 3
      },
      {
        "t": 137005.3058,
        "d": 0
      },
      {
        "t": 137088.6392,
        "d": 3
      },
      {
        "t": 137088.6392,
        "d": 2
      },
      {
        "t": 137171.9725,
        "d": 0
      },
      {
        "t": 137255.3058,
        "d": 3
      },
      {
        "t": 137255.3058,
        "d": 2
      },
      {
        "t": 137338.6392,
        "d": 0
      },
      {
        "t": 137421.9725,
        "d": 2
      },
      {
        "t": 137421.9725,
        "d": 3
      },
      {
        "t": 137505.3058,
        "d": 0
      },
      {
        "t": 137505.3058,
        "d": 1
      },
      {
        "t": 137588.6392,
        "d": 2
      },
      {
        "t": 137588.6392,
        "d": 3
      },
      {
        "t": 137671.9725,
        "d": 0
      },
      {
        "t": 137671.9725,
        "d": 1
      },
      {
        "t": 137755.3058,
        "d": 3
      },
      {
        "t": 137838.6392,
        "d": 2
      },
      {
        "t": 137921.9725,
        "d": 0
      },
      {
        "t": 138005.3058,
        "d": 2
      },
      {
        "t": 138088.6392,
        "d": 3
      },
      {
        "t": 138255.3058,
        "d": 1
      },
      {
        "t": 138338.6392,
        "d": 2
      },
      {
        "t": 138421.9725,
        "d": 0
      },
      {
        "t": 138588.6392,
        "d": 3
      },
      {
        "t": 138755.3058,
        "d": 1,
        "l": 291.6667
      },
      {
        "t": 138588.6392,
        "d": 1
      },
      {
        "t": 138755.3058,
        "d": 2
      },
      {
        "t": 139088.6392,
        "d": 3
      },
      {
        "t": 139088.6392,
        "d": 2
      },
      {
        "t": 139171.9725,
        "d": 1
      },
      {
        "t": 139255.3058,
        "d": 0
      },
      {
        "t": 139338.6392,
        "d": 2
      },
      {
        "t": 139338.6392,
        "d": 1
      },
      {
        "t": 139421.9725,
        "d": 0
      },
      {
        "t": 139421.9725,
        "d": 3
      },
      {
        "t": 139505.3058,
        "d": 2
      },
      {
        "t": 139588.6392,
        "d": 3
      },
      {
        "t": 139671.9725,
        "d": 0
      },
      {
        "t": 139671.9725,
        "d": 2
      },
      {
        "t": 139755.3058,
        "d": 3
      },
      {
        "t": 139755.3058,
        "d": 1
      },
      {
        "t": 139838.6392,
        "d": 2
      },
      {
        "t": 140005.3058,
        "d": 0
      },
      {
        "t": 140005.3058,
        "d": 3
      },
      {
        "t": 139921.9725,
        "d": 1
      },
      {
        "t": 140088.6392,
        "d": 2
      },
      {
        "t": 140171.9725,
        "d": 0
      },
      {
        "t": 140338.6392,
        "d": 2
      },
      {
        "t": 140255.3058,
        "d": 1
      },
      {
        "t": 140338.6392,
        "d": 0
      },
      {
        "t": 140088.6392,
        "d": 1
      },
      {
        "t": 140421.9725,
        "d": 3
      },
      {
        "t": 140505.3058,
        "d": 1
      },
      {
        "t": 140588.6392,
        "d": 2
      },
      {
        "t": 140671.9725,
        "d": 1
      },
      {
        "t": 140755.3058,
        "d": 0
      },
      {
        "t": 140838.6392,
        "d": 1
      },
      {
        "t": 140921.9725,
        "d": 2
      },
      {
        "t": 141005.3058,
        "d": 1
      },
      {
        "t": 141088.6392,
        "d": 3,
        "l": 291.6667
      },
      {
        "t": 141088.6392,
        "d": 0,
        "l": 291.6667
      },
      {
        "t": 141755.3058,
        "d": 3
      },
      {
        "t": 141826.7344,
        "d": 0
      },
      {
        "t": 141898.163,
        "d": 3
      },
      {
        "t": 141969.5916,
        "d": 0
      },
      {
        "t": 142041.0201,
        "d": 3
      },
      {
        "t": 142112.4487,
        "d": 0
      },
      {
        "t": 142183.8773,
        "d": 3
      },
      {
        "t": 142255.3058,
        "d": 0
      },
      {
        "t": 142326.7344,
        "d": 3
      },
      {
        "t": 142398.163,
        "d": 0
      },
      {
        "t": 142469.5916,
        "d": 3
      },
      {
        "t": 142541.0201,
        "d": 0
      },
      {
        "t": 142612.4487,
        "d": 3
      },
      {
        "t": 142683.8773,
        "d": 0
      },
      {
        "t": 142755.3058,
        "d": 3
      },
      {
        "t": 142826.7344,
        "d": 0
      },
      {
        "t": 142898.163,
        "d": 3
      },
      {
        "t": 142969.5916,
        "d": 0
      },
      {
        "t": 143041.0201,
        "d": 3
      },
      {
        "t": 143112.4487,
        "d": 0
      },
      {
        "t": 143183.8773,
        "d": 3
      },
      {
        "t": 143255.3058,
        "d": 1
      },
      {
        "t": 143326.7344,
        "d": 0
      },
      {
        "t": 143398.163,
        "d": 2
      },
      {
        "t": 143469.5916,
        "d": 3
      },
      {
        "t": 143612.4487,
        "d": 2
      },
      {
        "t": 143755.3058,
        "d": 1,
        "l": 250
      },
      {
        "t": 144041.0201,
        "d": 2
      },
      {
        "t": 144112.4487,
        "d": 1
      },
      {
        "t": 144183.8773,
        "d": 2
      },
      {
        "t": 144255.3058,
        "d": 1
      },
      {
        "t": 144326.7344,
        "d": 2
      },
      {
        "t": 144398.163,
        "d": 1
      },
      {
        "t": 144469.5916,
        "d": 3
      },
      {
        "t": 144541.0201,
        "d": 2
      },
      {
        "t": 144612.4487,
        "d": 1
      },
      {
        "t": 144683.8773,
        "d": 0
      },
      {
        "t": 144755.3058,
        "d": 1
      },
      {
        "t": 144826.7344,
        "d": 0
      },
      {
        "t": 144898.163,
        "d": 1
      },
      {
        "t": 144969.5916,
        "d": 3
      },
      {
        "t": 145041.0201,
        "d": 0
      },
      {
        "t": 145112.4487,
        "d": 1
      },
      {
        "t": 145183.8773,
        "d": 3
      },
      {
        "t": 145255.3058,
        "d": 1
      },
      {
        "t": 145326.7344,
        "d": 3
      },
      {
        "t": 145398.163,
        "d": 1
      },
      {
        "t": 145469.5916,
        "d": 2,
        "l": 107.1429
      },
      {
        "t": 145612.4487,
        "d": 3,
        "l": 107.1429
      },
      {
        "t": 145755.3058,
        "d": 1,
        "l": 250
      },
      {
        "t": 146326.7344,
        "d": 3
      },
      {
        "t": 146398.163,
        "d": 0
      },
      {
        "t": 146469.5916,
        "d": 3
      },
      {
        "t": 146541.0201,
        "d": 0
      },
      {
        "t": 146612.4487,
        "d": 3
      },
      {
        "t": 146683.8773,
        "d": 0
      },
      {
        "t": 146755.3058,
        "d": 3
      },
      {
        "t": 146826.7344,
        "d": 0
      },
      {
        "t": 146898.163,
        "d": 3
      },
      {
        "t": 146969.5916,
        "d": 0
      },
      {
        "t": 147041.0201,
        "d": 3
      },
      {
        "t": 147112.4487,
        "d": 0
      },
      {
        "t": 147183.8773,
        "d": 3
      },
      {
        "t": 147255.3058,
        "d": 0
      },
      {
        "t": 147326.7344,
        "d": 3
      },
      {
        "t": 147398.163,
        "d": 0
      },
      {
        "t": 147469.5916,
        "d": 3
      },
      {
        "t": 147541.0201,
        "d": 1
      },
      {
        "t": 147612.4487,
        "d": 0
      },
      {
        "t": 147683.8773,
        "d": 2
      },
      {
        "t": 147755.3058,
        "d": 3
      },
      {
        "t": 147898.163,
        "d": 0
      },
      {
        "t": 147969.5916,
        "d": 1
      },
      {
        "t": 148041.0201,
        "d": 2
      },
      {
        "t": 148183.8773,
        "d": 0
      },
      {
        "t": 148326.7344,
        "d": 1,
        "l": 250
      },
      {
        "t": 148326.7344,
        "d": 2
      },
      {
        "t": 148612.4487,
        "d": 3
      },
      {
        "t": 148755.3058,
        "d": 1
      },
      {
        "t": 148826.7344,
        "d": 2
      },
      {
        "t": 148969.5916,
        "d": 3
      },
      {
        "t": 149112.4487,
        "d": 1
      },
      {
        "t": 149041.0201,
        "d": 0
      },
      {
        "t": 148898.163,
        "d": 0
      },
      {
        "t": 148683.8773,
        "d": 2
      },
      {
        "t": 149183.8773,
        "d": 2
      },
      {
        "t": 149255.3058,
        "d": 3
      },
      {
        "t": 149326.7344,
        "d": 1
      },
      {
        "t": 149398.163,
        "d": 0
      },
      {
        "t": 149469.5916,
        "d": 2
      },
      {
        "t": 149541.0201,
        "d": 0
      },
      {
        "t": 149612.4487,
        "d": 3
      },
      {
        "t": 149683.8773,
        "d": 2
      },
      {
        "t": 149755.3058,
        "d": 1
      },
      {
        "t": 149826.7344,
        "d": 3
      },
      {
        "t": 149898.163,
        "d": 0
      },
      {
        "t": 149969.5916,
        "d": 1
      },
      {
        "t": 150041.0201,
        "d": 3
      },
      {
        "t": 150112.4487,
        "d": 2
      },
      {
        "t": 150183.8773,
        "d": 3
      },
      {
        "t": 150255.3058,
        "d": 1
      },
      {
        "t": 150326.7344,
        "d": 3,
        "l": 250
      },
      {
        "t": 150326.7344,
        "d": 0,
        "l": 250
      },
      {
        "t": 150898.163,
        "d": 3
      },
      {
        "t": 151041.0201,
        "d": 1
      },
      {
        "t": 151112.4487,
        "d": 2
      },
      {
        "t": 151255.3058,
        "d": 3
      },
      {
        "t": 151398.163,
        "d": 1
      },
      {
        "t": 151326.7344,
        "d": 0
      },
      {
        "t": 151183.8773,
        "d": 0
      },
      {
        "t": 150969.5916,
        "d": 2
      },
      {
        "t": 151469.5916,
        "d": 2
      },
      {
        "t": 151541.0201,
        "d": 3
      },
      {
        "t": 151612.4487,
        "d": 1
      },
      {
        "t": 151683.8773,
        "d": 0
      },
      {
        "t": 151755.3058,
        "d": 2
      },
      {
        "t": 151826.7344,
        "d": 0
      },
      {
        "t": 151898.163,
        "d": 3
      },
      {
        "t": 151969.5916,
        "d": 2
      },
      {
        "t": 152041.0201,
        "d": 1
      },
      {
        "t": 152112.4487,
        "d": 3
      },
      {
        "t": 152183.8773,
        "d": 0
      },
      {
        "t": 152255.3058,
        "d": 1
      },
      {
        "t": 152326.7344,
        "d": 3
      },
      {
        "t": 152398.163,
        "d": 2
      },
      {
        "t": 152469.5916,
        "d": 3
      },
      {
        "t": 152541.0201,
        "d": 1
      },
      {
        "t": 152612.4487,
        "d": 3,
        "l": 250
      },
      {
        "t": 152612.4487,
        "d": 0,
        "l": 250
      },
      {
        "t": 153183.8773,
        "d": 2,
        "l": 2214.2857
      }
    ]
  },
  "generatedBy": "Friday Night Funkin' - v0.6.0 (rewrite/master:869726f) PROTOTYPE"
}