{
  "props": [
    {
      "danceEvery": 0,
      "zIndex": 10,
      "position": [-600, -200],
      "scale": [1, 1],
      "animType": "sparrow",
      "name": "stageBack",
      "isPixel": false,
      "assetPath": "stageback",
      "scroll": [0.9, 0.9],
      "animations": []
    },
    {
      "danceEvery": 0,
      "zIndex": 20,
      "position": [-650, 600],
      "scale": [1.1, 1.1],
      "animType": "sparrow",
      "name": "stageFront",
      "isPixel": false,
      "assetPath": "stagefront",
      "scroll": [0.9, 0.9],
      "animations": []
    },
    {
      "danceEvery": 0,
      "zIndex": 30,
      "position": [-500, -300],
      "scale": [0.9, 0.9],
      "animType": "sparrow",
      "name": "stageCurtains",
      "isPixel": false,
      "assetPath": "stagecurtains",
      "scroll": [1.3, 1.3],
      "animations": []
    }
  ],
  "cameraZoom": 1.1,
  "version": "1.0.0",
  "characters": {
    "bf": {
      "zIndex": 300,
      "position": [989.5, 885],
      "cameraOffsets": [-100, -100]
    },
    "dad": {
      "zIndex": 200,
      "position": [335, 885],
      "cameraOffsets": [150, -100]
    },
    "gf": {
      "zIndex": 100,
      "cameraOffsets": [0, 0],
      "position": [751.5, 787]
    }
  },
  "name": "Main Stage TEMPLE"
}
