<?xml version="1.0" encoding="UTF-8"?>
<TextureAtlas imagePath="bf.png" width="1713" height="679">
  <SubTexture name="confirm0001" x="8" y="8" width="330" height="311" rotated="true" frameX="-0" frameY="-0" frameWidth="327" frameHeight="331" />
  <SubTexture name="confirm0002" x="8" y="8" width="330" height="311" rotated="true" frameX="-0" frameY="-0" frameWidth="327" frameHeight="331" />
  <SubTexture name="confirm0003" x="1378" y="8" width="327" height="325" frameX="-0" frameY="-6" frameWidth="327" frameHeight="331" />
  <SubTexture name="confirm0004" x="1378" y="8" width="327" height="325" frameX="-0" frameY="-6" frameWidth="327" frameHeight="331" />
  <SubTexture name="confirm0005" x="8" y="335" width="327" height="326" frameX="-0" frameY="-5" frameWidth="327" frameHeight="331" />
  <SubTexture name="confirm0006" x="8" y="335" width="327" height="326" frameX="-0" frameY="-5" frameWidth="327" frameHeight="331" />
  <SubTexture name="confirm0007" x="8" y="335" width="327" height="326" frameX="-0" frameY="-5" frameWidth="327" frameHeight="331" />
  <SubTexture name="confirm0008" x="8" y="335" width="327" height="326" frameX="-0" frameY="-5" frameWidth="327" frameHeight="331" />
  <SubTexture name="confirm0009" x="8" y="335" width="327" height="326" frameX="-0" frameY="-5" frameWidth="327" frameHeight="331" />
  <SubTexture name="confirm0010" x="8" y="335" width="327" height="326" frameX="-0" frameY="-5" frameWidth="327" frameHeight="331" />
  <SubTexture name="confirm0011" x="8" y="335" width="327" height="326" frameX="-0" frameY="-5" frameWidth="327" frameHeight="331" />
  <SubTexture name="confirm0012" x="8" y="335" width="327" height="326" frameX="-0" frameY="-5" frameWidth="327" frameHeight="331" />
  <SubTexture name="confirm0013" x="8" y="335" width="327" height="326" frameX="-0" frameY="-5" frameWidth="327" frameHeight="331" />
  <SubTexture name="confirm0014" x="8" y="335" width="327" height="326" frameX="-0" frameY="-5" frameWidth="327" frameHeight="331" />
  <SubTexture name="confirm0015" x="8" y="335" width="327" height="326" frameX="-0" frameY="-5" frameWidth="327" frameHeight="331" />
  <SubTexture name="confirm0016" x="8" y="335" width="327" height="326" frameX="-0" frameY="-5" frameWidth="327" frameHeight="331" />
  <SubTexture name="confirm0017" x="8" y="335" width="327" height="326" frameX="-0" frameY="-5" frameWidth="327" frameHeight="331" />
  <SubTexture name="confirm0018" x="8" y="335" width="327" height="326" frameX="-0" frameY="-5" frameWidth="327" frameHeight="331" />
  <SubTexture name="confirm0019" x="8" y="335" width="327" height="326" frameX="-0" frameY="-5" frameWidth="327" frameHeight="331" />
  <SubTexture name="confirm0020" x="8" y="335" width="327" height="326" frameX="-0" frameY="-5" frameWidth="327" frameHeight="331" />
  <SubTexture name="confirm0021" x="8" y="335" width="327" height="326" frameX="-0" frameY="-5" frameWidth="327" frameHeight="331" />
  <SubTexture name="confirm0022" x="8" y="335" width="327" height="326" frameX="-0" frameY="-5" frameWidth="327" frameHeight="331" />
  <SubTexture name="confirm0023" x="8" y="335" width="327" height="326" frameX="-0" frameY="-5" frameWidth="327" frameHeight="331" />
  <SubTexture name="confirm0024" x="8" y="335" width="327" height="326" frameX="-0" frameY="-5" frameWidth="327" frameHeight="331" />
  <SubTexture name="confirm0025" x="8" y="335" width="327" height="326" frameX="-0" frameY="-5" frameWidth="327" frameHeight="331" />
  <SubTexture name="confirm0026" x="8" y="335" width="327" height="326" frameX="-0" frameY="-5" frameWidth="327" frameHeight="331" />
  <SubTexture name="idle0001" x="354" y="8" width="325" height="314" frameX="-0" frameY="-16" frameWidth="328" frameHeight="330" />
  <SubTexture name="idle0002" x="354" y="8" width="325" height="314" frameX="-0" frameY="-16" frameWidth="328" frameHeight="330" />
  <SubTexture name="idle0003" x="695" y="8" width="326" height="315" frameX="-0" frameY="-15" frameWidth="328" frameHeight="330" />
  <SubTexture name="idle0004" x="695" y="8" width="326" height="315" frameX="-0" frameY="-15" frameWidth="328" frameHeight="330" />
  <SubTexture name="idle0005" x="1037" y="8" width="325" height="319" frameX="-1" frameY="-11" frameWidth="328" frameHeight="330" />
  <SubTexture name="idle0006" x="1037" y="8" width="325" height="319" frameX="-1" frameY="-11" frameWidth="328" frameHeight="330" />
  <SubTexture name="idle0007" x="697" y="343" width="329" height="328" rotated="true" frameX="-0" frameY="-1" frameWidth="328" frameHeight="330" />
  <SubTexture name="idle0008" x="697" y="343" width="329" height="328" rotated="true" frameX="-0" frameY="-1" frameWidth="328" frameHeight="330" />
  <SubTexture name="idle0009" x="351" y="339" width="330" height="327" rotated="true" frameX="-1" frameY="-0" frameWidth="328" frameHeight="330" />
  <SubTexture name="idle0010" x="351" y="339" width="330" height="327" rotated="true" frameX="-1" frameY="-0" frameWidth="328" frameHeight="330" />
  <SubTexture name="idle0011" x="351" y="339" width="330" height="327" rotated="true" frameX="-1" frameY="-0" frameWidth="328" frameHeight="330" />
  <SubTexture name="idle0012" x="351" y="339" width="330" height="327" rotated="true" frameX="-1" frameY="-0" frameWidth="328" frameHeight="330" />
  <SubTexture name="idle0013" x="351" y="339" width="330" height="327" rotated="true" frameX="-1" frameY="-0" frameWidth="328" frameHeight="330" />
  <SubTexture name="idle0014" x="351" y="339" width="330" height="327" rotated="true" frameX="-1" frameY="-0" frameWidth="328" frameHeight="330" />
</TextureAtlas>
