<?xml version="1.0" encoding="UTF-8"?>
<!--
Created with Free texture packer v0.6.7 http://free-tex-packer.com
-->
<TextureAtlas imagePath="senpai.png" width="1765" height="304">
  <SubTexture name="idle0001" x="8" y="8" width="337" height="288" frameX="-0" frameY="-0" frameWidth="337" frameHeight="288" />
  <SubTexture name="idle0003" x="361" y="8" width="337" height="288" frameX="-0" frameY="-0" frameWidth="337" frameHeight="288" />
  <SubTexture name="idle0005" x="714" y="8" width="337" height="288" frameX="-0" frameY="-0" frameWidth="337" frameHeight="288" />
  <SubTexture name="idle0007" x="1067" y="8" width="337" height="288" frameX="-0" frameY="-0" frameWidth="337" frameHeight="288" />
  <SubTexture name="idle0009" x="1420" y="8" width="337" height="288" frameX="-0" frameY="-0" frameWidth="337" frameHeight="288" />
  <SubTexture name="idle0002" x="8" y="8" width="337" height="288" frameX="-0" frameY="-0" frameWidth="337" frameHeight="288" />
  <SubTexture name="idle0004" x="361" y="8" width="337" height="288" frameX="-0" frameY="-0" frameWidth="337" frameHeight="288" />
  <SubTexture name="idle0006" x="714" y="8" width="337" height="288" frameX="-0" frameY="-0" frameWidth="337" frameHeight="288" />
  <SubTexture name="idle0008" x="1067" y="8" width="337" height="288" frameX="-0" frameY="-0" frameWidth="337" frameHeight="288" />
  <SubTexture name="idle0010" x="1420" y="8" width="337" height="288" frameX="-0" frameY="-0" frameWidth="337" frameHeight="288" />
  <SubTexture name="idle0011" x="1420" y="8" width="337" height="288" frameX="-0" frameY="-0" frameWidth="337" frameHeight="288" />
  <SubTexture name="idle0012" x="1420" y="8" width="337" height="288" frameX="-0" frameY="-0" frameWidth="337" frameHeight="288" />
  <SubTexture name="idle0013" x="1420" y="8" width="337" height="288" frameX="-0" frameY="-0" frameWidth="337" frameHeight="288" />
  <SubTexture name="idle0014" x="1420" y="8" width="337" height="288" frameX="-0" frameY="-0" frameWidth="337" frameHeight="288" />
</TextureAtlas>
